{
  "best_epoch": 43,
  "best_val_acc": 0.6659259259259259,
  "test_acc": 0.662962962962963,
  "class_names": [
    "AnnualCrop",
    "Forest",
    "HerbaceousVegetation",
    "Highway",
    "Industrial",
    "Pasture",
    "PermanentCrop",
    "Residential",
    "River",
    "SeaLake"
  ],
  "confusion_matrix": [
    [
      301,
      2,
      23,
      20,
      6,
      9,
      55,
      7,
      22,
      5
    ],
    [
      0,
      377,
      7,
      0,
      0,
      19,
      0,
      0,
      4,
      43
    ],
    [
      31,
      5,
      235,
      31,
      2,
      12,
      85,
      28,
      16,
      5
    ],
    [
      33,
      0,
      19,
      152,
      13,
      15,
      41,
      38,
      60,
      4
    ],
    [
      1,
      0,
      3,
      25,
      286,
      0,
      8,
      46,
      6,
      0
    ],
    [
      12,
      12,
      14,
      5,
      0,
      226,
      6,
      4,
      17,
      4
    ],
    [
      39,
      1,
      53,
      28,
      8,
      11,
      197,
      14,
      23,
      1
    ],
    [
      9,
      0,
      26,
      36,
      22,
      0,
      39,
      295,
      18,
      5
    ],
    [
      21,
      4,
      8,
      47,
      5,
      20,
      8,
      7,
      252,
      3
    ],
    [
      4,
      31,
      12,
      1,
      0,
      14,
      1,
      5,
      18,
      364
    ]
  ],
  "config": {
    "data_dir": "EuroSAT_RGB",
    "output_dir": "outputs/run1",
    "image_size": 64,
    "val_ratio": 0.15,
    "test_ratio": 0.15,
    "epochs": 50,
    "batch_size": 128,
    "eval_batch_size": 512,
    "hidden_dim": "512,512",
    "activation": "relu",
    "lr": 0.005,
    "lr_decay": 0.99,
    "weight_decay": 0.0001,
    "grad_clip": 5.0,
    "seed": 42,
    "max_per_class": null
  }
}